<?xml version="1.0" encoding="utf-8" ?>
<dwsync>
<file name="jquery.slimscroll.min.js" server="148.251.2.43/public_html/clothes/" local="130520876258419978" remote="130520894400000000" Dst="0" />
<file name="custom.js" server="148.251.2.43/public_html/clothes/" local="130520882089843516" remote="130520898600000000" Dst="0" />
<file name="reports.js" server="148.251.2.43/public_html/clothes/" local="130538224335461574" remote="130538225400000000" Dst="0" />
<file name="bootstrap-datetimepicker.min.js" server="ftp.instorelook.com.au//public_html/development/" local="130238851080000000" remote="130607269800000000" Dst="0" />
<file name="charts.js" server="ftp.instorelook.com.au//public_html/development/" local="130259770440000000" remote="130607269800000000" Dst="0" />
<file name="custom.js" server="ftp.instorelook.com.au//public_html/development/" local="130520882089843516" remote="130607269800000000" Dst="0" />
<file name="bootstrap-switch.min.js" server="ftp.instorelook.com.au//public_html/development/" local="130216687580000000" remote="130607269800000000" Dst="0" />
<file name="bootstrap.js" server="ftp.instorelook.com.au//public_html/development/" local="130213937660000000" remote="130607269800000000" Dst="0" />
<file name="excanvas.min.js" server="ftp.instorelook.com.au//public_html/development/" local="130238851060000000" remote="130607269800000000" Dst="0" />
<file name="filter.js" server="ftp.instorelook.com.au//public_html/development/" local="130238851040000000" remote="130607269800000000" Dst="0" />
<file name="html5shim.js" server="ftp.instorelook.com.au//public_html/development/" local="130238851020000000" remote="130607269800000000" Dst="0" />
<file name="html5shiv.js" server="ftp.instorelook.com.au//public_html/development/" local="130195767000000000" remote="130607270400000000" Dst="0" />
<file name="fullcalendar.min.js" server="ftp.instorelook.com.au//public_html/development/" local="130238851040000000" remote="130607270400000000" Dst="0" />
<file name="jquery-migrate-1.2.1.js" server="ftp.instorelook.com.au//public_html/development/" local="130262353240000000" remote="130607270400000000" Dst="0" />
<file name="jquery.cleditor.min.js" server="ftp.instorelook.com.au//public_html/development/" local="130171562120000000" remote="130607270400000000" Dst="0" />
<file name="jquery-ui-1.10.2.custom.min.js" server="ftp.instorelook.com.au//public_html/development/" local="130238851040000000" remote="130607270400000000" Dst="0" />
<file name="jquery.flot.pie.js" server="ftp.instorelook.com.au//public_html/development/" local="130238851000000000" remote="130607270400000000" Dst="0" />
<file name="jquery.flot.js" server="ftp.instorelook.com.au//public_html/development/" local="130238851020000000" remote="130607270400000000" Dst="0" />
<file name="jquery.flot.resize.js" server="ftp.instorelook.com.au//public_html/development/" local="130238851000000000" remote="130607270400000000" Dst="0" />
<file name="jquery.gritter.min.js" server="ftp.instorelook.com.au//public_html/development/" local="130238850980000000" remote="130607270400000000" Dst="0" />
<file name="jquery.flot.stack.js" server="ftp.instorelook.com.au//public_html/development/" local="130238850980000000" remote="130607270400000000" Dst="0" />
<file name="jquery.mousewheel.js" server="ftp.instorelook.com.au//public_html/development/" local="130253537660000000" remote="130607270400000000" Dst="0" />
<file name="jquery.horizontal.scroll.js" server="ftp.instorelook.com.au//public_html/development/" local="130253821520000000" remote="130607270400000000" Dst="0" />
<file name="jquery.rateit.min.js" server="ftp.instorelook.com.au//public_html/development/" local="130238850960000000" remote="130607270400000000" Dst="0" />
<file name="jquery.prettyPhoto.js" server="ftp.instorelook.com.au//public_html/development/" local="130238850960000000" remote="130607270400000000" Dst="0" />
<file name="jquery.js" server="ftp.instorelook.com.au//public_html/development/" local="130208758000000000" remote="130607270400000000" Dst="0" />
<file name="jquery.slimscroll.min.js" server="ftp.instorelook.com.au//public_html/development/" local="130520876258419978" remote="130607270400000000" Dst="0" />
<file name="reports.js" server="ftp.instorelook.com.au//public_html/development/" local="130538224335461574" remote="130607270400000000" Dst="0" />
<file name="sparklines.js" server="ftp.instorelook.com.au//public_html/development/" local="130239733100000000" remote="130607270400000000" Dst="0" />
</dwsync>