<?xml version="1.0" encoding="utf-8" ?>
<dwsync>
<file name="owl.carousel.css" server="23.229.204.232/public_html/development/" local="130444017800000000" remote="130577938800000000" Dst="0" />
<file name="animate.css" server="23.229.204.232/public_html/development/" local="130523055698633900" remote="130577938800000000" Dst="0" />
<file name="grabbing.png" server="23.229.204.232/public_html/development/" local="130419668060000000" remote="130577939400000000" Dst="0" />
<file name="style.css" server="23.229.204.232/public_html/development/" local="130583845278085933" remote="130583517000000000" Dst="0" />
<file name="admin_style.css" server="23.229.204.232/public_html/development/" local="130583852867709439" remote="130583518200000000" Dst="0" />
<file name="admin_style.css" server="ftp.instorelook.com.au//public_html/development/" local="130583852867709439" remote="130596859200000000" Dst="0" />
<file name="AjaxLoader.gif" server="ftp.instorelook.com.au//public_html/development/" local="130419668060000000" remote="130596859200000000" Dst="0" />
<file name="grabbing.png" server="ftp.instorelook.com.au//public_html/development/" local="130419668060000000" remote="130596859200000000" Dst="0" />
<file name="owl.carousel.css" server="ftp.instorelook.com.au//public_html/development/" local="130444017800000000" remote="130596859200000000" Dst="0" />
<file name="animate.css" server="ftp.instorelook.com.au//public_html/development/" local="130523055698633900" remote="130596859200000000" Dst="0" />
<file name="owl.transitions.css" server="ftp.instorelook.com.au//public_html/development/" local="130419668060000000" remote="130596859200000000" Dst="0" />
<file name="style.css" server="ftp.instorelook.com.au//public_html/development/" local="130656255084495605" remote="130656436200000000" Dst="0" />
</dwsync>