<?xml version="1.0" encoding="utf-8" ?>
<dwsync>
<file name="1105886371.eot" server="23.229.204.232/public_html/development/" local="130579224458327765" remote="130578867600000000" Dst="0" />
<file name="1105886371.woff" server="23.229.204.232/public_html/development/" local="130579225953513284" remote="130578867600000000" Dst="0" />
<file name="1105886371.ttf" server="23.229.204.232/public_html/development/" local="130400484840000000" remote="130578867600000000" Dst="0" />
<file name="1105886371.svg" server="23.229.204.232/public_html/development/" local="130579226246130021" remote="130578867600000000" Dst="0" />
<file name="1105886371.woff" server="ftp.instorelook.com.au//public_html/development/" local="130579225953513284" remote="130596859200000000" Dst="0" />
<file name="1105886371.eot" server="ftp.instorelook.com.au//public_html/development/" local="130579224458327765" remote="130596859200000000" Dst="0" />
<file name="1105886371.ttf" server="ftp.instorelook.com.au//public_html/development/" local="130400484840000000" remote="130596859200000000" Dst="0" />
<file name="1105886371.svg" server="ftp.instorelook.com.au//public_html/development/" local="130579226246130021" remote="130596859200000000" Dst="0" />
</dwsync>