<?xml version="1.0" encoding="utf-8" ?>
<dwsync>
<file name="jquery-2.1.1.min.js" server="23.229.204.232/public_html/development/" local="130523078757642800" remote="130577939400000000" Dst="0" />
<file name="jquery.nav.js" server="23.229.204.232/public_html/development/" local="130523065380997699" remote="130577939400000000" Dst="0" />
<file name="jquery.stellar.min.js" server="23.229.204.232/public_html/development/" local="130401371000000000" remote="130577939400000000" Dst="0" />
<file name="wow.min.js" server="23.229.204.232/public_html/development/" local="130511243840000000" remote="130577939400000000" Dst="0" />
<file name="retina.min.js" server="23.229.204.232/public_html/development/" local="130416951200000000" remote="130577939400000000" Dst="0" />
<file name="owl.carousel.min.js" server="23.229.204.232/public_html/development/" local="130444013380000000" remote="130577939400000000" Dst="0" />
<file name="bind-polyfill.js" server="23.229.204.232/public_html/development/" local="130519658940000000" remote="130577939400000000" Dst="0" />
<file name="smooth-scroll.js" server="23.229.204.232/public_html/development/" local="130519658940000000" remote="130577939400000000" Dst="0" />
<file name="custom.js" server="23.229.204.232/public_html/development/" local="130576906923907995" remote="130577939400000000" Dst="0" />
<file name="bind-polyfill.js" server="ftp.instorelook.com.au//public_html/development/" local="130519658940000000" remote="130596859200000000" Dst="0" />
<file name="custom.js" server="ftp.instorelook.com.au//public_html/development/" local="130596553883649503" remote="130596859200000000" Dst="0" />
<file name="jquery.fitvids.js" server="ftp.instorelook.com.au//public_html/development/" local="130488309820000000" remote="130596859800000000" Dst="0" />
<file name="jquery-1.10.2.min.js" server="ftp.instorelook.com.au//public_html/development/" local="130596599296036943" remote="130596859800000000" Dst="0" />
<file name="jquery-2.1.1.min.js" server="ftp.instorelook.com.au//public_html/development/" local="130523078757642800" remote="130596859800000000" Dst="0" />
<file name="jquery.localScroll.min.js" server="ftp.instorelook.com.au//public_html/development/" local="130369227240000000" remote="130596859800000000" Dst="0" />
<file name="jquery.nav.js" server="ftp.instorelook.com.au//public_html/development/" local="130523065380997699" remote="130596859800000000" Dst="0" />
<file name="jquery.stellar.min.js" server="ftp.instorelook.com.au//public_html/development/" local="130401371000000000" remote="130596859800000000" Dst="0" />
<file name="multiselect.js" server="ftp.instorelook.com.au//public_html/development/" local="130596607133115199" remote="130596859800000000" Dst="0" />
<file name="owl.carousel.min.js" server="ftp.instorelook.com.au//public_html/development/" local="130444013380000000" remote="130596859800000000" Dst="0" />
<file name="retina.min.js" server="ftp.instorelook.com.au//public_html/development/" local="130416951200000000" remote="130596859800000000" Dst="0" />
<file name="simple-expand.min.js" server="ftp.instorelook.com.au//public_html/development/" local="130523070666960039" remote="130596859800000000" Dst="0" />
<file name="smooth-scroll.js" server="ftp.instorelook.com.au//public_html/development/" local="130519658940000000" remote="130596859800000000" Dst="0" />
<file name="styleswitch.js" server="ftp.instorelook.com.au//public_html/development/" local="130523056447846752" remote="130596859800000000" Dst="0" />
<file name="wow.min.js" server="ftp.instorelook.com.au//public_html/development/" local="130511243840000000" remote="130596859800000000" Dst="0" />
</dwsync>