<?xml version="1.0" encoding="utf-8" ?>
<dwsync>
<file name="action_point.php" server="C:/xampp/htdocs/ntb/" local="130710563634784459" remote="130710563630000000" Dst="0" />
<file name="attendee.php" server="C:/xampp/htdocs/ntb/" local="130710563635104478" remote="130710563630000000" Dst="0" />
<file name="events.php" server="C:/xampp/htdocs/ntb/" local="130711314937135943" remote="130711314930000000" Dst="0" />
<file name="facilitator.php" server="C:/xampp/htdocs/ntb/" local="130710563635164481" remote="130710563630000000" Dst="0" />
<file name="site.php" server="C:/xampp/htdocs/ntb/" local="130711314937185943" remote="130711314930000000" Dst="0" />
<file name="action_point.php" server="148.251.2.43/public_html/tnc/" local="130710563634784459" remote="130711320000000000" Dst="0" />
<file name="attendee.php" server="148.251.2.43/public_html/tnc/" local="130710563635104478" remote="130711320000000000" Dst="0" />
<file name="events.php" server="148.251.2.43/public_html/tnc/" local="130711314937135943" remote="130711320000000000" Dst="0" />
<file name="facilitator.php" server="148.251.2.43/public_html/tnc/" local="130710563635164481" remote="130711320000000000" Dst="0" />
<file name="site.php" server="148.251.2.43/public_html/tnc/" local="130711314937185943" remote="130711320000000000" Dst="0" />
</dwsync>