<?xml version="1.0" encoding="utf-8" ?>
<dwsync>
<file name="site_model.php" server="148.251.2.43/public_html/clothes/" local="130519661422561448" remote="130519661400000000" Dst="0" />
<file name="site_model.php" server="ftp.instorelook.com.au//public_html/development/" local="130656156610523216" remote="130656336600000000" Dst="0" />
<file name="action_point_model.php" server="C:/xampp/htdocs/ntb/" local="130710563635214484" remote="130710563630000000" Dst="0" />
<file name="attendee_model.php" server="C:/xampp/htdocs/ntb/" local="130710563635254486" remote="130710563630000000" Dst="0" />
<file name="events_model.php" server="C:/xampp/htdocs/ntb/" local="130711314937210944" remote="130711314930000000" Dst="0" />
<file name="facilitator_model.php" server="C:/xampp/htdocs/ntb/" local="130711314937260945" remote="130711314930000000" Dst="0" />
<file name="site_model.php" server="C:/xampp/htdocs/ntb/" local="130709921587321774" remote="130709921580000000" Dst="0" />
<file name="action_point_model.php" server="148.251.2.43/public_html/tnc/" local="130710563635214484" remote="130711320000000000" Dst="0" />
<file name="attendee_model.php" server="148.251.2.43/public_html/tnc/" local="130710563635254486" remote="130711320000000000" Dst="0" />
<file name="events_model.php" server="148.251.2.43/public_html/tnc/" local="130711314937210944" remote="130711320000000000" Dst="0" />
<file name="site_model.php" server="148.251.2.43/public_html/tnc/" local="130709921587321774" remote="130711320000000000" Dst="0" />
<file name="facilitator_model.php" server="148.251.2.43/public_html/tnc/" local="130711314937260945" remote="130711320000000000" Dst="0" />
</dwsync>